name,timeout,real,cpu,ram,status
55-tests/12,False,3.07561,6.35825,560428,2
55-tests/24,False,3.67642,7.64339,529952,0
55-tests/1,False,4.55981,10.7499,569192,0
55-tests/14,False,3.3197,12.6251,626276,2
55-tests/23,False,3.77244,13.629,501544,0
